{
  "BTCUSDc": 602.8307142857172,
  "XAUUSDc": 11.138964285714321,
  "EURUSDc": 0.00106946428571427,
  "AUDUSDc": 0.000922857142857132,
  "NZDUSDc": 0.0008153571428571435,
  "GBPUSDc": 0.0011469642857142581
}